sample_id,video_id,split,video_path,n_map_frames,n_fixation_frames,mean_map_intensity,peak_map_intensity,peak_to_mean_map_ratio,mean_map_concentration,mean_fixation_density,selected_tail,source_video_path,modal_media_found,modal_media_size_bytes
dhf1k_003,003,train,/bmd-videos/attention_capture/DHF1K/video/003.AVI,448,448,,,,,0.0008794875374665675,high,data/attention_capture/DHF1K/video/003.AVI,True,3381814
dhf1k_004,004,train,/bmd-videos/attention_capture/DHF1K/video/004.AVI,892,892,,,,,0.0006516644870777533,low,data/attention_capture/DHF1K/video/004.AVI,True,6245522
dhf1k_007,007,train,/bmd-videos/attention_capture/DHF1K/video/007.AVI,533,533,,,,,0.0008742198905331829,high,data/attention_capture/DHF1K/video/007.AVI,True,3024320
dhf1k_008,008,train,/bmd-videos/attention_capture/DHF1K/video/008.AVI,560,560,,,,,0.0006750294528371472,low,data/attention_capture/DHF1K/video/008.AVI,True,3870350
dhf1k_009,009,train,/bmd-videos/attention_capture/DHF1K/video/009.AVI,230,230,,,,,0.0007977619268627757,high,data/attention_capture/DHF1K/video/009.AVI,True,1560378
dhf1k_012,012,train,/bmd-videos/attention_capture/DHF1K/video/012.AVI,967,967,,,,,0.0006729584992394928,low,data/attention_capture/DHF1K/video/012.AVI,True,6860040
dhf1k_013,013,train,/bmd-videos/attention_capture/DHF1K/video/013.AVI,339,339,,,,,0.0008053071729929508,high,data/attention_capture/DHF1K/video/013.AVI,True,2605584
dhf1k_016,016,train,/bmd-videos/attention_capture/DHF1K/video/016.AVI,646,646,,,,,0.0008728325489246007,high,data/attention_capture/DHF1K/video/016.AVI,True,2082520
dhf1k_017,017,train,/bmd-videos/attention_capture/DHF1K/video/017.AVI,663,663,,,,,0.0006880093108494605,low,data/attention_capture/DHF1K/video/017.AVI,True,4572822
dhf1k_018,018,train,/bmd-videos/attention_capture/DHF1K/video/018.AVI,648,648,,,,,0.0006603250399222569,low,data/attention_capture/DHF1K/video/018.AVI,True,4698590
dhf1k_019,019,train,/bmd-videos/attention_capture/DHF1K/video/019.AVI,900,900,,,,,0.0008505594130838289,high,data/attention_capture/DHF1K/video/019.AVI,True,6135516
dhf1k_020,020,train,/bmd-videos/attention_capture/DHF1K/video/020.AVI,566,566,,,,,0.0006082293525249318,low,data/attention_capture/DHF1K/video/020.AVI,True,4108480
dhf1k_021,021,train,/bmd-videos/attention_capture/DHF1K/video/021.AVI,488,488,,,,,0.0006750643938101378,low,data/attention_capture/DHF1K/video/021.AVI,True,3512906
dhf1k_024,024,train,/bmd-videos/attention_capture/DHF1K/video/024.AVI,575,575,,,,,0.0008076011462380057,high,data/attention_capture/DHF1K/video/024.AVI,True,4220490
dhf1k_025,025,train,/bmd-videos/attention_capture/DHF1K/video/025.AVI,238,238,,,,,0.0005999795753536198,low,data/attention_capture/DHF1K/video/025.AVI,True,1828576
dhf1k_030,030,train,/bmd-videos/attention_capture/DHF1K/video/030.AVI,398,398,,,,,0.0006654365575403191,low,data/attention_capture/DHF1K/video/030.AVI,True,2955592
dhf1k_032,032,train,/bmd-videos/attention_capture/DHF1K/video/032.AVI,408,408,,,,,0.0008312376621510267,high,data/attention_capture/DHF1K/video/032.AVI,True,3035068
dhf1k_034,034,train,/bmd-videos/attention_capture/DHF1K/video/034.AVI,484,484,,,,,0.0006165256977698492,low,data/attention_capture/DHF1K/video/034.AVI,True,3552704
dhf1k_035,035,train,/bmd-videos/attention_capture/DHF1K/video/035.AVI,625,625,,,,,0.0007929513896349818,high,data/attention_capture/DHF1K/video/035.AVI,True,4153888
dhf1k_036,036,train,/bmd-videos/attention_capture/DHF1K/video/036.AVI,546,546,,,,,0.0007929910098960719,high,data/attention_capture/DHF1K/video/036.AVI,True,4021642
dhf1k_037,037,train,/bmd-videos/attention_capture/DHF1K/video/037.AVI,434,434,,,,,0.0008762360805691722,high,data/attention_capture/DHF1K/video/037.AVI,True,3206834
dhf1k_038,038,train,/bmd-videos/attention_capture/DHF1K/video/038.AVI,1131,1131,,,,,0.0008365875824373529,high,data/attention_capture/DHF1K/video/038.AVI,True,7958590
dhf1k_041,041,train,/bmd-videos/attention_capture/DHF1K/video/041.AVI,488,488,,,,,0.000822055727991535,high,data/attention_capture/DHF1K/video/041.AVI,True,3850942
dhf1k_043,043,train,/bmd-videos/attention_capture/DHF1K/video/043.AVI,568,568,,,,,0.0006298675305541263,low,data/attention_capture/DHF1K/video/043.AVI,True,4069610
dhf1k_046,046,train,/bmd-videos/attention_capture/DHF1K/video/046.AVI,817,817,,,,,0.0008215396776536054,high,data/attention_capture/DHF1K/video/046.AVI,True,5526542
dhf1k_047,047,train,/bmd-videos/attention_capture/DHF1K/video/047.AVI,1018,1018,,,,,0.0007972766249063233,high,data/attention_capture/DHF1K/video/047.AVI,True,7044744
dhf1k_055,055,train,/bmd-videos/attention_capture/DHF1K/video/055.AVI,419,419,,,,,0.0008125020714664525,high,data/attention_capture/DHF1K/video/055.AVI,True,2902890
dhf1k_056,056,train,/bmd-videos/attention_capture/DHF1K/video/056.AVI,897,897,,,,,0.000582003669898348,low,data/attention_capture/DHF1K/video/056.AVI,True,6346864
dhf1k_057,057,train,/bmd-videos/attention_capture/DHF1K/video/057.AVI,659,659,,,,,0.000939989568708374,high,data/attention_capture/DHF1K/video/057.AVI,True,4729958
dhf1k_058,058,train,/bmd-videos/attention_capture/DHF1K/video/058.AVI,739,739,,,,,0.0006988317069974986,low,data/attention_capture/DHF1K/video/058.AVI,True,5166940
dhf1k_060,060,train,/bmd-videos/attention_capture/DHF1K/video/060.AVI,432,432,,,,,0.0008454198021489126,high,data/attention_capture/DHF1K/video/060.AVI,True,3235166
dhf1k_062,062,train,/bmd-videos/attention_capture/DHF1K/video/062.AVI,890,890,,,,,0.0006806287068214393,low,data/attention_capture/DHF1K/video/062.AVI,True,6417394
dhf1k_064,064,train,/bmd-videos/attention_capture/DHF1K/video/064.AVI,485,485,,,,,0.001002299901729296,high,data/attention_capture/DHF1K/video/064.AVI,True,3520026
dhf1k_067,067,train,/bmd-videos/attention_capture/DHF1K/video/067.AVI,944,944,,,,,0.000685888029199875,low,data/attention_capture/DHF1K/video/067.AVI,True,6813610
dhf1k_072,072,train,/bmd-videos/attention_capture/DHF1K/video/072.AVI,550,550,,,,,0.0006799558080489409,low,data/attention_capture/DHF1K/video/072.AVI,True,3970214
dhf1k_073,073,train,/bmd-videos/attention_capture/DHF1K/video/073.AVI,685,685,,,,,0.0008505803948424648,high,data/attention_capture/DHF1K/video/073.AVI,True,4757402
dhf1k_075,075,train,/bmd-videos/attention_capture/DHF1K/video/075.AVI,909,909,,,,,0.0008285537769872495,high,data/attention_capture/DHF1K/video/075.AVI,True,6207126
dhf1k_076,076,train,/bmd-videos/attention_capture/DHF1K/video/076.AVI,856,856,,,,,0.0008301846056069012,high,data/attention_capture/DHF1K/video/076.AVI,True,6135376
dhf1k_079,079,train,/bmd-videos/attention_capture/DHF1K/video/079.AVI,752,752,,,,,0.0006785377879962053,low,data/attention_capture/DHF1K/video/079.AVI,True,5406318
dhf1k_081,081,train,/bmd-videos/attention_capture/DHF1K/video/081.AVI,842,842,,,,,0.0006740059639089973,low,data/attention_capture/DHF1K/video/081.AVI,True,5618108
dhf1k_083,083,train,/bmd-videos/attention_capture/DHF1K/video/083.AVI,934,934,,,,,0.0008221712909196155,high,data/attention_capture/DHF1K/video/083.AVI,True,6671222
dhf1k_084,084,train,/bmd-videos/attention_capture/DHF1K/video/084.AVI,476,476,,,,,0.0006787702075889072,low,data/attention_capture/DHF1K/video/084.AVI,True,3236428
dhf1k_086,086,train,/bmd-videos/attention_capture/DHF1K/video/086.AVI,535,535,,,,,0.0006491595281344604,low,data/attention_capture/DHF1K/video/086.AVI,True,3862894
dhf1k_087,087,train,/bmd-videos/attention_capture/DHF1K/video/087.AVI,292,292,,,,,0.0007931708970405353,high,data/attention_capture/DHF1K/video/087.AVI,True,2316426
dhf1k_088,088,train,/bmd-videos/attention_capture/DHF1K/video/088.AVI,399,399,,,,,0.0008486276465487949,high,data/attention_capture/DHF1K/video/088.AVI,True,2038566
dhf1k_089,089,train,/bmd-videos/attention_capture/DHF1K/video/089.AVI,591,591,,,,,0.0008435340881089218,high,data/attention_capture/DHF1K/video/089.AVI,True,4373586
dhf1k_091,091,train,/bmd-videos/attention_capture/DHF1K/video/091.AVI,361,361,,,,,0.000805993188737564,high,data/attention_capture/DHF1K/video/091.AVI,True,2655430
dhf1k_094,094,train,/bmd-videos/attention_capture/DHF1K/video/094.AVI,578,578,,,,,0.000662815983443554,low,data/attention_capture/DHF1K/video/094.AVI,True,3889188
dhf1k_097,097,train,/bmd-videos/attention_capture/DHF1K/video/097.AVI,639,639,,,,,0.0008231313035927978,high,data/attention_capture/DHF1K/video/097.AVI,True,4674696
dhf1k_098,098,train,/bmd-videos/attention_capture/DHF1K/video/098.AVI,501,501,,,,,0.0007947386470632608,high,data/attention_capture/DHF1K/video/098.AVI,True,3483414
dhf1k_099,099,train,/bmd-videos/attention_capture/DHF1K/video/099.AVI,693,693,,,,,0.0008056131750530017,high,data/attention_capture/DHF1K/video/099.AVI,True,5009460
dhf1k_100,100,train,/bmd-videos/attention_capture/DHF1K/video/100.AVI,318,318,,,,,0.0008454260597724479,high,data/attention_capture/DHF1K/video/100.AVI,True,2291330
dhf1k_105,105,train,/bmd-videos/attention_capture/DHF1K/video/105.AVI,613,613,,,,,0.000678676419710432,low,data/attention_capture/DHF1K/video/105.AVI,True,3169462
dhf1k_106,106,train,/bmd-videos/attention_capture/DHF1K/video/106.AVI,398,398,,,,,0.0006780429941326515,low,data/attention_capture/DHF1K/video/106.AVI,True,2503888
dhf1k_110,110,train,/bmd-videos/attention_capture/DHF1K/video/110.AVI,841,841,,,,,0.0008190326074550236,high,data/attention_capture/DHF1K/video/110.AVI,True,5891008
dhf1k_111,111,train,/bmd-videos/attention_capture/DHF1K/video/111.AVI,521,521,,,,,0.0006781080067930868,low,data/attention_capture/DHF1K/video/111.AVI,True,3976040
dhf1k_116,116,train,/bmd-videos/attention_capture/DHF1K/video/116.AVI,1007,1007,,,,,0.0008314024055743813,high,data/attention_capture/DHF1K/video/116.AVI,True,7184418
dhf1k_118,118,train,/bmd-videos/attention_capture/DHF1K/video/118.AVI,261,261,,,,,0.0008441923421243798,high,data/attention_capture/DHF1K/video/118.AVI,True,1982504
dhf1k_119,119,train,/bmd-videos/attention_capture/DHF1K/video/119.AVI,448,448,,,,,0.0008036876847654639,high,data/attention_capture/DHF1K/video/119.AVI,True,3081162
dhf1k_121,121,train,/bmd-videos/attention_capture/DHF1K/video/121.AVI,866,866,,,,,0.000802796020977227,high,data/attention_capture/DHF1K/video/121.AVI,True,6176972
dhf1k_122,122,train,/bmd-videos/attention_capture/DHF1K/video/122.AVI,893,893,,,,,0.0006706336710044346,low,data/attention_capture/DHF1K/video/122.AVI,True,6056466
dhf1k_123,123,train,/bmd-videos/attention_capture/DHF1K/video/123.AVI,483,483,,,,,0.0008325155994466334,high,data/attention_capture/DHF1K/video/123.AVI,True,3308988
dhf1k_124,124,train,/bmd-videos/attention_capture/DHF1K/video/124.AVI,1048,1048,,,,,0.0006863395555860421,low,data/attention_capture/DHF1K/video/124.AVI,True,7321038
dhf1k_125,125,train,/bmd-videos/attention_capture/DHF1K/video/125.AVI,847,847,,,,,0.0008272405474231201,high,data/attention_capture/DHF1K/video/125.AVI,True,5552434
dhf1k_126,126,train,/bmd-videos/attention_capture/DHF1K/video/126.AVI,676,676,,,,,0.0008591888053962664,high,data/attention_capture/DHF1K/video/126.AVI,True,4733334
dhf1k_127,127,train,/bmd-videos/attention_capture/DHF1K/video/127.AVI,269,269,,,,,0.0008286703586773981,high,data/attention_capture/DHF1K/video/127.AVI,True,2092210
dhf1k_128,128,train,/bmd-videos/attention_capture/DHF1K/video/128.AVI,436,436,,,,,0.000640489616262547,low,data/attention_capture/DHF1K/video/128.AVI,True,3145378
dhf1k_129,129,train,/bmd-videos/attention_capture/DHF1K/video/129.AVI,232,232,,,,,0.0006799643794285407,low,data/attention_capture/DHF1K/video/129.AVI,True,2047900
dhf1k_132,132,train,/bmd-videos/attention_capture/DHF1K/video/132.AVI,540,540,,,,,0.0006360998597907989,low,data/attention_capture/DHF1K/video/132.AVI,True,3689672
dhf1k_133,133,train,/bmd-videos/attention_capture/DHF1K/video/133.AVI,553,553,,,,,0.0005910155465165372,low,data/attention_capture/DHF1K/video/133.AVI,True,4105526
dhf1k_135,135,train,/bmd-videos/attention_capture/DHF1K/video/135.AVI,525,525,,,,,0.0006899057555433718,low,data/attention_capture/DHF1K/video/135.AVI,True,3838018
dhf1k_138,138,train,/bmd-videos/attention_capture/DHF1K/video/138.AVI,602,602,,,,,0.0008390795160433048,high,data/attention_capture/DHF1K/video/138.AVI,True,4596764
dhf1k_139,139,train,/bmd-videos/attention_capture/DHF1K/video/139.AVI,315,315,,,,,0.0006762566138243687,low,data/attention_capture/DHF1K/video/139.AVI,True,2397674
dhf1k_140,140,train,/bmd-videos/attention_capture/DHF1K/video/140.AVI,867,867,,,,,0.000797069236500411,high,data/attention_capture/DHF1K/video/140.AVI,True,6100644
dhf1k_141,141,train,/bmd-videos/attention_capture/DHF1K/video/141.AVI,723,723,,,,,0.0006723408454035333,low,data/attention_capture/DHF1K/video/141.AVI,True,4651526
dhf1k_142,142,train,/bmd-videos/attention_capture/DHF1K/video/142.AVI,590,590,,,,,0.0006556394191308862,low,data/attention_capture/DHF1K/video/142.AVI,True,4256728
dhf1k_143,143,train,/bmd-videos/attention_capture/DHF1K/video/143.AVI,471,471,,,,,0.0006408867060843037,low,data/attention_capture/DHF1K/video/143.AVI,True,3396608
dhf1k_144,144,train,/bmd-videos/attention_capture/DHF1K/video/144.AVI,631,631,,,,,0.0008218119933514187,high,data/attention_capture/DHF1K/video/144.AVI,True,4732864
dhf1k_145,145,train,/bmd-videos/attention_capture/DHF1K/video/145.AVI,736,736,,,,,0.0008601416267755785,high,data/attention_capture/DHF1K/video/145.AVI,True,4848238
dhf1k_146,146,train,/bmd-videos/attention_capture/DHF1K/video/146.AVI,781,781,,,,,0.0006239552216340666,low,data/attention_capture/DHF1K/video/146.AVI,True,5143972
dhf1k_148,148,train,/bmd-videos/attention_capture/DHF1K/video/148.AVI,641,641,,,,,0.0008153966791014653,high,data/attention_capture/DHF1K/video/148.AVI,True,4547892
dhf1k_150,150,train,/bmd-videos/attention_capture/DHF1K/video/150.AVI,357,357,,,,,0.0008649310417974196,high,data/attention_capture/DHF1K/video/150.AVI,True,2525366
dhf1k_151,151,train,/bmd-videos/attention_capture/DHF1K/video/151.AVI,742,742,,,,,0.0006524162838246715,low,data/attention_capture/DHF1K/video/151.AVI,True,5336700
dhf1k_153,153,train,/bmd-videos/attention_capture/DHF1K/video/153.AVI,914,914,,,,,0.000628632728567783,low,data/attention_capture/DHF1K/video/153.AVI,True,6357912
dhf1k_154,154,train,/bmd-videos/attention_capture/DHF1K/video/154.AVI,1099,1099,,,,,0.0006172751742994559,low,data/attention_capture/DHF1K/video/154.AVI,True,7620824
dhf1k_155,155,train,/bmd-videos/attention_capture/DHF1K/video/155.AVI,472,472,,,,,0.0008846442443905674,high,data/attention_capture/DHF1K/video/155.AVI,True,3646542
dhf1k_157,157,train,/bmd-videos/attention_capture/DHF1K/video/157.AVI,526,526,,,,,0.0006869933601139475,low,data/attention_capture/DHF1K/video/157.AVI,True,3663824
dhf1k_159,159,train,/bmd-videos/attention_capture/DHF1K/video/159.AVI,583,583,,,,,0.0005742046057466676,low,data/attention_capture/DHF1K/video/159.AVI,True,4197536
dhf1k_160,160,train,/bmd-videos/attention_capture/DHF1K/video/160.AVI,822,822,,,,,0.0008034371623487287,high,data/attention_capture/DHF1K/video/160.AVI,True,5910688
dhf1k_162,162,train,/bmd-videos/attention_capture/DHF1K/video/162.AVI,616,616,,,,,0.0008557252220672633,high,data/attention_capture/DHF1K/video/162.AVI,True,4590494
dhf1k_163,163,train,/bmd-videos/attention_capture/DHF1K/video/163.AVI,796,796,,,,,0.0008325536092439077,high,data/attention_capture/DHF1K/video/163.AVI,True,5706856
dhf1k_165,165,train,/bmd-videos/attention_capture/DHF1K/video/165.AVI,463,463,,,,,0.0006775426720852358,low,data/attention_capture/DHF1K/video/165.AVI,True,3512438
dhf1k_169,169,train,/bmd-videos/attention_capture/DHF1K/video/169.AVI,771,771,,,,,0.000807302925450638,high,data/attention_capture/DHF1K/video/169.AVI,True,5517160
dhf1k_171,171,train,/bmd-videos/attention_capture/DHF1K/video/171.AVI,658,658,,,,,0.0006394522011998013,low,data/attention_capture/DHF1K/video/171.AVI,True,4906782
dhf1k_172,172,train,/bmd-videos/attention_capture/DHF1K/video/172.AVI,897,897,,,,,0.0008342817112853556,high,data/attention_capture/DHF1K/video/172.AVI,True,6240814
dhf1k_174,174,train,/bmd-videos/attention_capture/DHF1K/video/174.AVI,414,414,,,,,0.0008045973390220453,high,data/attention_capture/DHF1K/video/174.AVI,True,3284298
dhf1k_175,175,train,/bmd-videos/attention_capture/DHF1K/video/175.AVI,810,810,,,,,0.0005955932790343074,low,data/attention_capture/DHF1K/video/175.AVI,True,5719368
dhf1k_177,177,train,/bmd-videos/attention_capture/DHF1K/video/177.AVI,875,875,,,,,0.0006780704372462684,low,data/attention_capture/DHF1K/video/177.AVI,True,6145326
dhf1k_180,180,train,/bmd-videos/attention_capture/DHF1K/video/180.AVI,741,741,,,,,0.0006960142082874078,low,data/attention_capture/DHF1K/video/180.AVI,True,5098618
dhf1k_182,182,train,/bmd-videos/attention_capture/DHF1K/video/182.AVI,729,729,,,,,0.0008350539634250799,high,data/attention_capture/DHF1K/video/182.AVI,True,5066782
dhf1k_183,183,train,/bmd-videos/attention_capture/DHF1K/video/183.AVI,478,478,,,,,0.0006489350901167473,low,data/attention_capture/DHF1K/video/183.AVI,True,3353616
dhf1k_185,185,train,/bmd-videos/attention_capture/DHF1K/video/185.AVI,548,548,,,,,0.0007967023393177482,high,data/attention_capture/DHF1K/video/185.AVI,True,4069316
dhf1k_187,187,train,/bmd-videos/attention_capture/DHF1K/video/187.AVI,559,559,,,,,0.0006519035109940334,low,data/attention_capture/DHF1K/video/187.AVI,True,4076654
dhf1k_189,189,train,/bmd-videos/attention_capture/DHF1K/video/189.AVI,434,434,,,,,0.0006880040331754387,low,data/attention_capture/DHF1K/video/189.AVI,True,3034150
dhf1k_196,196,train,/bmd-videos/attention_capture/DHF1K/video/196.AVI,347,347,,,,,0.0008284051795067368,high,data/attention_capture/DHF1K/video/196.AVI,True,2547838
dhf1k_200,200,train,/bmd-videos/attention_capture/DHF1K/video/200.AVI,593,593,,,,,0.0006719672235559742,low,data/attention_capture/DHF1K/video/200.AVI,True,4465742
dhf1k_201,201,train,/bmd-videos/attention_capture/DHF1K/video/201.AVI,475,475,,,,,0.0008131304823205267,high,data/attention_capture/DHF1K/video/201.AVI,True,3575652
dhf1k_203,203,train,/bmd-videos/attention_capture/DHF1K/video/203.AVI,589,589,,,,,0.000816628054910575,high,data/attention_capture/DHF1K/video/203.AVI,True,4349738
dhf1k_206,206,train,/bmd-videos/attention_capture/DHF1K/video/206.AVI,271,271,,,,,0.000850117877701373,high,data/attention_capture/DHF1K/video/206.AVI,True,2082044
dhf1k_214,214,train,/bmd-videos/attention_capture/DHF1K/video/214.AVI,630,630,,,,,0.0006576071980008338,low,data/attention_capture/DHF1K/video/214.AVI,True,4683930
dhf1k_215,215,train,/bmd-videos/attention_capture/DHF1K/video/215.AVI,336,336,,,,,0.0008877159818352777,high,data/attention_capture/DHF1K/video/215.AVI,True,2510252
dhf1k_216,216,train,/bmd-videos/attention_capture/DHF1K/video/216.AVI,903,903,,,,,0.0008567794861559728,high,data/attention_capture/DHF1K/video/216.AVI,True,6239716
dhf1k_219,219,train,/bmd-videos/attention_capture/DHF1K/video/219.AVI,583,583,,,,,0.0006518010300411212,low,data/attention_capture/DHF1K/video/219.AVI,True,3946456
dhf1k_220,220,train,/bmd-videos/attention_capture/DHF1K/video/220.AVI,307,307,,,,,0.0008083661327651226,high,data/attention_capture/DHF1K/video/220.AVI,True,2364854
dhf1k_222,222,train,/bmd-videos/attention_capture/DHF1K/video/222.AVI,326,326,,,,,0.0008058271547058094,high,data/attention_capture/DHF1K/video/222.AVI,True,2421046
dhf1k_223,223,train,/bmd-videos/attention_capture/DHF1K/video/223.AVI,289,289,,,,,0.0006298959530093611,low,data/attention_capture/DHF1K/video/223.AVI,True,2042098
dhf1k_227,227,train,/bmd-videos/attention_capture/DHF1K/video/227.AVI,448,448,,,,,0.0009136284746611116,high,data/attention_capture/DHF1K/video/227.AVI,True,3309342
dhf1k_230,230,train,/bmd-videos/attention_capture/DHF1K/video/230.AVI,872,872,,,,,0.0008025332891695744,high,data/attention_capture/DHF1K/video/230.AVI,True,6028094
dhf1k_232,232,train,/bmd-videos/attention_capture/DHF1K/video/232.AVI,443,443,,,,,0.0008125725014631386,high,data/attention_capture/DHF1K/video/232.AVI,True,3241078
dhf1k_233,233,train,/bmd-videos/attention_capture/DHF1K/video/233.AVI,577,577,,,,,0.0006933236458394079,low,data/attention_capture/DHF1K/video/233.AVI,True,4321800
dhf1k_234,234,train,/bmd-videos/attention_capture/DHF1K/video/234.AVI,218,218,,,,,0.0006678054932133218,low,data/attention_capture/DHF1K/video/234.AVI,True,1588124
dhf1k_238,238,train,/bmd-videos/attention_capture/DHF1K/video/238.AVI,849,849,,,,,0.0008049093718403013,high,data/attention_capture/DHF1K/video/238.AVI,True,5843786
dhf1k_241,241,train,/bmd-videos/attention_capture/DHF1K/video/241.AVI,400,400,,,,,0.0008510091167408973,high,data/attention_capture/DHF1K/video/241.AVI,True,2858488
dhf1k_242,242,train,/bmd-videos/attention_capture/DHF1K/video/242.AVI,590,590,,,,,0.0006925170660567454,low,data/attention_capture/DHF1K/video/242.AVI,True,4321184
dhf1k_243,243,train,/bmd-videos/attention_capture/DHF1K/video/243.AVI,863,863,,,,,0.000567329125726398,low,data/attention_capture/DHF1K/video/243.AVI,True,6121920
dhf1k_245,245,train,/bmd-videos/attention_capture/DHF1K/video/245.AVI,607,607,,,,,0.0008090077564486608,high,data/attention_capture/DHF1K/video/245.AVI,True,4319466
dhf1k_246,246,train,/bmd-videos/attention_capture/DHF1K/video/246.AVI,366,366,,,,,0.0006787316910486765,low,data/attention_capture/DHF1K/video/246.AVI,True,2733254
dhf1k_247,247,train,/bmd-videos/attention_capture/DHF1K/video/247.AVI,553,553,,,,,0.0006699332563525695,low,data/attention_capture/DHF1K/video/247.AVI,True,4125266
dhf1k_249,249,train,/bmd-videos/attention_capture/DHF1K/video/249.AVI,292,292,,,,,0.0006559765047002233,low,data/attention_capture/DHF1K/video/249.AVI,True,1256004
dhf1k_251,251,train,/bmd-videos/attention_capture/DHF1K/video/251.AVI,774,774,,,,,0.0006760683589431732,low,data/attention_capture/DHF1K/video/251.AVI,True,5456452
dhf1k_254,254,train,/bmd-videos/attention_capture/DHF1K/video/254.AVI,504,504,,,,,0.0005603780870394927,low,data/attention_capture/DHF1K/video/254.AVI,True,3342710
dhf1k_259,259,train,/bmd-videos/attention_capture/DHF1K/video/259.AVI,392,392,,,,,0.000858312076681094,high,data/attention_capture/DHF1K/video/259.AVI,True,3023662
dhf1k_262,262,train,/bmd-videos/attention_capture/DHF1K/video/262.AVI,583,583,,,,,0.0006793018634809764,low,data/attention_capture/DHF1K/video/262.AVI,True,2740784
dhf1k_266,266,train,/bmd-videos/attention_capture/DHF1K/video/266.AVI,626,626,,,,,0.0006733878568707841,low,data/attention_capture/DHF1K/video/266.AVI,True,4539140
dhf1k_269,269,train,/bmd-videos/attention_capture/DHF1K/video/269.AVI,790,790,,,,,0.0008081816987479341,high,data/attention_capture/DHF1K/video/269.AVI,True,5603746
dhf1k_270,270,train,/bmd-videos/attention_capture/DHF1K/video/270.AVI,544,544,,,,,0.0008522103499832584,high,data/attention_capture/DHF1K/video/270.AVI,True,3842128
dhf1k_272,272,train,/bmd-videos/attention_capture/DHF1K/video/272.AVI,528,528,,,,,0.0006403718179254528,low,data/attention_capture/DHF1K/video/272.AVI,True,3645040
dhf1k_273,273,train,/bmd-videos/attention_capture/DHF1K/video/273.AVI,449,449,,,,,0.0006021676273913567,low,data/attention_capture/DHF1K/video/273.AVI,True,3343240
dhf1k_274,274,train,/bmd-videos/attention_capture/DHF1K/video/274.AVI,492,492,,,,,0.0008434694701885214,high,data/attention_capture/DHF1K/video/274.AVI,True,3606388
dhf1k_275,275,train,/bmd-videos/attention_capture/DHF1K/video/275.AVI,595,595,,,,,0.0008485790174317491,high,data/attention_capture/DHF1K/video/275.AVI,True,4430330
dhf1k_277,277,train,/bmd-videos/attention_capture/DHF1K/video/277.AVI,775,775,,,,,0.0006593469985302598,low,data/attention_capture/DHF1K/video/277.AVI,True,5579240
dhf1k_279,279,train,/bmd-videos/attention_capture/DHF1K/video/279.AVI,538,538,,,,,0.0008033466924931404,high,data/attention_capture/DHF1K/video/279.AVI,True,3702314
dhf1k_285,285,train,/bmd-videos/attention_capture/DHF1K/video/285.AVI,897,897,,,,,0.0008574346980921521,high,data/attention_capture/DHF1K/video/285.AVI,True,6286024
dhf1k_287,287,train,/bmd-videos/attention_capture/DHF1K/video/287.AVI,486,486,,,,,0.0008301183140842405,high,data/attention_capture/DHF1K/video/287.AVI,True,3562992
dhf1k_289,289,train,/bmd-videos/attention_capture/DHF1K/video/289.AVI,549,549,,,,,0.0006272215264960055,low,data/attention_capture/DHF1K/video/289.AVI,True,3817604
dhf1k_290,290,train,/bmd-videos/attention_capture/DHF1K/video/290.AVI,635,635,,,,,0.0005976323271170258,low,data/attention_capture/DHF1K/video/290.AVI,True,4538294
dhf1k_291,291,train,/bmd-videos/attention_capture/DHF1K/video/291.AVI,522,522,,,,,0.000805711872745002,high,data/attention_capture/DHF1K/video/291.AVI,True,3734098
dhf1k_293,293,train,/bmd-videos/attention_capture/DHF1K/video/293.AVI,363,363,,,,,0.000687856309620353,low,data/attention_capture/DHF1K/video/293.AVI,True,2637560
dhf1k_295,295,train,/bmd-videos/attention_capture/DHF1K/video/295.AVI,203,203,,,,,0.0008609144064698717,high,data/attention_capture/DHF1K/video/295.AVI,True,1495434
dhf1k_299,299,train,/bmd-videos/attention_capture/DHF1K/video/299.AVI,496,496,,,,,0.0006489065303427314,low,data/attention_capture/DHF1K/video/299.AVI,True,3827796
dhf1k_300,300,train,/bmd-videos/attention_capture/DHF1K/video/300.AVI,217,217,,,,,0.0006745031689189606,low,data/attention_capture/DHF1K/video/300.AVI,True,1626296
dhf1k_301,301,train,/bmd-videos/attention_capture/DHF1K/video/301.AVI,480,480,,,,,0.0008169849554784984,high,data/attention_capture/DHF1K/video/301.AVI,True,3456028
dhf1k_303,303,train,/bmd-videos/attention_capture/DHF1K/video/303.AVI,598,598,,,,,0.0008142738520610847,high,data/attention_capture/DHF1K/video/303.AVI,True,4372986
dhf1k_308,308,train,/bmd-videos/attention_capture/DHF1K/video/308.AVI,581,581,,,,,0.0006911425478896687,low,data/attention_capture/DHF1K/video/308.AVI,True,4049814
dhf1k_310,310,train,/bmd-videos/attention_capture/DHF1K/video/310.AVI,524,524,,,,,0.0006758740188952497,low,data/attention_capture/DHF1K/video/310.AVI,True,4021910
dhf1k_313,313,train,/bmd-videos/attention_capture/DHF1K/video/313.AVI,959,959,,,,,0.0008597596953887633,high,data/attention_capture/DHF1K/video/313.AVI,True,6737482
dhf1k_314,314,train,/bmd-videos/attention_capture/DHF1K/video/314.AVI,498,498,,,,,0.0006738847757322175,low,data/attention_capture/DHF1K/video/314.AVI,True,3685902
dhf1k_315,315,train,/bmd-videos/attention_capture/DHF1K/video/315.AVI,419,419,,,,,0.0006498711387949678,low,data/attention_capture/DHF1K/video/315.AVI,True,3081160
dhf1k_316,316,train,/bmd-videos/attention_capture/DHF1K/video/316.AVI,689,689,,,,,0.0006351987072651873,low,data/attention_capture/DHF1K/video/316.AVI,True,4895924
dhf1k_320,320,train,/bmd-videos/attention_capture/DHF1K/video/320.AVI,441,441,,,,,0.0008038076363707726,high,data/attention_capture/DHF1K/video/320.AVI,True,3282846
dhf1k_323,323,train,/bmd-videos/attention_capture/DHF1K/video/323.AVI,449,449,,,,,0.000675478687657423,low,data/attention_capture/DHF1K/video/323.AVI,True,3429226
dhf1k_324,324,train,/bmd-videos/attention_capture/DHF1K/video/324.AVI,595,595,,,,,0.0006626984129827117,low,data/attention_capture/DHF1K/video/324.AVI,True,4265720
dhf1k_326,326,train,/bmd-videos/attention_capture/DHF1K/video/326.AVI,270,270,,,,,0.0008191550954641705,high,data/attention_capture/DHF1K/video/326.AVI,True,1952152
dhf1k_327,327,train,/bmd-videos/attention_capture/DHF1K/video/327.AVI,559,559,,,,,0.0006556459335499478,low,data/attention_capture/DHF1K/video/327.AVI,True,4034726
dhf1k_328,328,train,/bmd-videos/attention_capture/DHF1K/video/328.AVI,633,633,,,,,0.0006367592055054078,low,data/attention_capture/DHF1K/video/328.AVI,True,4481668
dhf1k_330,330,train,/bmd-videos/attention_capture/DHF1K/video/330.AVI,320,320,,,,,0.0006048719608543251,low,data/attention_capture/DHF1K/video/330.AVI,True,2484318
dhf1k_336,336,train,/bmd-videos/attention_capture/DHF1K/video/336.AVI,335,335,,,,,0.0008059571926315218,high,data/attention_capture/DHF1K/video/336.AVI,True,2522162
dhf1k_338,338,train,/bmd-videos/attention_capture/DHF1K/video/338.AVI,731,731,,,,,0.0008311899127352667,high,data/attention_capture/DHF1K/video/338.AVI,True,5119446
dhf1k_340,340,train,/bmd-videos/attention_capture/DHF1K/video/340.AVI,300,300,,,,,0.0008444444463627102,high,data/attention_capture/DHF1K/video/340.AVI,True,2203420
dhf1k_344,344,train,/bmd-videos/attention_capture/DHF1K/video/344.AVI,591,591,,,,,0.000830498566360933,high,data/attention_capture/DHF1K/video/344.AVI,True,4034730
dhf1k_347,347,train,/bmd-videos/attention_capture/DHF1K/video/347.AVI,577,577,,,,,0.000673751023535369,low,data/attention_capture/DHF1K/video/347.AVI,True,4182992
dhf1k_348,348,train,/bmd-videos/attention_capture/DHF1K/video/348.AVI,560,560,,,,,0.0007929997528533152,high,data/attention_capture/DHF1K/video/348.AVI,True,4171768
dhf1k_350,350,train,/bmd-videos/attention_capture/DHF1K/video/350.AVI,886,886,,,,,0.000539913901596821,low,data/attention_capture/DHF1K/video/350.AVI,True,6071190
dhf1k_352,352,train,/bmd-videos/attention_capture/DHF1K/video/352.AVI,920,920,,,,,0.0006259246679331662,low,data/attention_capture/DHF1K/video/352.AVI,True,6451568
dhf1k_353,353,train,/bmd-videos/attention_capture/DHF1K/video/353.AVI,258,258,,,,,0.0006893976106350816,low,data/attention_capture/DHF1K/video/353.AVI,True,1864840
dhf1k_357,357,train,/bmd-videos/attention_capture/DHF1K/video/357.AVI,336,336,,,,,0.0006617761043907237,low,data/attention_capture/DHF1K/video/357.AVI,True,2391926
dhf1k_358,358,train,/bmd-videos/attention_capture/DHF1K/video/358.AVI,743,743,,,,,0.0008227250646564152,high,data/attention_capture/DHF1K/video/358.AVI,True,5107758
dhf1k_360,360,train,/bmd-videos/attention_capture/DHF1K/video/360.AVI,542,542,,,,,0.0006256005928387292,low,data/attention_capture/DHF1K/video/360.AVI,True,3955700
dhf1k_361,361,train,/bmd-videos/attention_capture/DHF1K/video/361.AVI,815,815,,,,,0.0005996666244978223,low,data/attention_capture/DHF1K/video/361.AVI,True,5695094
dhf1k_364,364,train,/bmd-videos/attention_capture/DHF1K/video/364.AVI,283,283,,,,,0.0008261097627387517,high,data/attention_capture/DHF1K/video/364.AVI,True,2178892
dhf1k_367,367,train,/bmd-videos/attention_capture/DHF1K/video/367.AVI,643,643,,,,,0.0007950538397487108,high,data/attention_capture/DHF1K/video/367.AVI,True,4303950
dhf1k_369,369,train,/bmd-videos/attention_capture/DHF1K/video/369.AVI,561,561,,,,,0.0006765262927771206,low,data/attention_capture/DHF1K/video/369.AVI,True,4264462
dhf1k_370,370,train,/bmd-videos/attention_capture/DHF1K/video/370.AVI,478,478,,,,,0.0008384908202920639,high,data/attention_capture/DHF1K/video/370.AVI,True,3540732
dhf1k_373,373,train,/bmd-videos/attention_capture/DHF1K/video/373.AVI,485,485,,,,,0.000679213203250949,low,data/attention_capture/DHF1K/video/373.AVI,True,3448360
dhf1k_374,374,train,/bmd-videos/attention_capture/DHF1K/video/374.AVI,639,639,,,,,0.0007979115054043409,high,data/attention_capture/DHF1K/video/374.AVI,True,4126630
dhf1k_376,376,train,/bmd-videos/attention_capture/DHF1K/video/376.AVI,902,902,,,,,0.0008219966440404272,high,data/attention_capture/DHF1K/video/376.AVI,True,6385742
dhf1k_379,379,train,/bmd-videos/attention_capture/DHF1K/video/379.AVI,465,465,,,,,0.0006946404573760466,low,data/attention_capture/DHF1K/video/379.AVI,True,3527142
dhf1k_380,380,train,/bmd-videos/attention_capture/DHF1K/video/380.AVI,557,557,,,,,0.0009035102495212188,high,data/attention_capture/DHF1K/video/380.AVI,True,4163568
dhf1k_382,382,train,/bmd-videos/attention_capture/DHF1K/video/382.AVI,448,448,,,,,0.0006295340409841239,low,data/attention_capture/DHF1K/video/382.AVI,True,3383594
dhf1k_384,384,train,/bmd-videos/attention_capture/DHF1K/video/384.AVI,458,458,,,,,0.0009026640584053346,high,data/attention_capture/DHF1K/video/384.AVI,True,3423844
dhf1k_385,385,train,/bmd-videos/attention_capture/DHF1K/video/385.AVI,730,730,,,,,0.0006918937898972965,low,data/attention_capture/DHF1K/video/385.AVI,True,4985222
dhf1k_388,388,train,/bmd-videos/attention_capture/DHF1K/video/388.AVI,1088,1088,,,,,0.0008526890572498172,high,data/attention_capture/DHF1K/video/388.AVI,True,6369712
dhf1k_389,389,train,/bmd-videos/attention_capture/DHF1K/video/389.AVI,416,416,,,,,0.0008158887544945733,high,data/attention_capture/DHF1K/video/389.AVI,True,2883958
dhf1k_390,390,train,/bmd-videos/attention_capture/DHF1K/video/390.AVI,879,879,,,,,0.0008837723982943152,high,data/attention_capture/DHF1K/video/390.AVI,True,6175746
dhf1k_391,391,train,/bmd-videos/attention_capture/DHF1K/video/391.AVI,301,301,,,,,0.0006859369246359525,low,data/attention_capture/DHF1K/video/391.AVI,True,2236684
dhf1k_393,393,train,/bmd-videos/attention_capture/DHF1K/video/393.AVI,907,907,,,,,0.000697880298466049,low,data/attention_capture/DHF1K/video/393.AVI,True,6467442
dhf1k_394,394,train,/bmd-videos/attention_capture/DHF1K/video/394.AVI,1080,1080,,,,,0.0007955086172000005,high,data/attention_capture/DHF1K/video/394.AVI,True,7630788
dhf1k_395,395,train,/bmd-videos/attention_capture/DHF1K/video/395.AVI,715,715,,,,,0.0006396841017144302,low,data/attention_capture/DHF1K/video/395.AVI,True,5046222
dhf1k_397,397,train,/bmd-videos/attention_capture/DHF1K/video/397.AVI,628,628,,,,,0.0008210174500320113,high,data/attention_capture/DHF1K/video/397.AVI,True,4542234
dhf1k_399,399,train,/bmd-videos/attention_capture/DHF1K/video/399.AVI,423,423,,,,,0.0006277703904878705,low,data/attention_capture/DHF1K/video/399.AVI,True,2951068
dhf1k_401,401,train,/bmd-videos/attention_capture/DHF1K/video/401.AVI,586,586,,,,,0.0006675732370907816,low,data/attention_capture/DHF1K/video/401.AVI,True,4247946
dhf1k_402,402,train,/bmd-videos/attention_capture/DHF1K/video/402.AVI,447,447,,,,,0.000603211223331678,low,data/attention_capture/DHF1K/video/402.AVI,True,3148084
dhf1k_403,403,train,/bmd-videos/attention_capture/DHF1K/video/403.AVI,1558,1558,,,,,0.0006493228280020756,low,data/attention_capture/DHF1K/video/403.AVI,True,10626974
dhf1k_405,405,train,/bmd-videos/attention_capture/DHF1K/video/405.AVI,362,362,,,,,0.0008943969671979794,high,data/attention_capture/DHF1K/video/405.AVI,True,2668644
dhf1k_409,409,train,/bmd-videos/attention_capture/DHF1K/video/409.AVI,908,908,,,,,0.0006861940921129892,low,data/attention_capture/DHF1K/video/409.AVI,True,6409798
dhf1k_411,411,train,/bmd-videos/attention_capture/DHF1K/video/411.AVI,591,591,,,,,0.0008212084638789239,high,data/attention_capture/DHF1K/video/411.AVI,True,4452862
dhf1k_414,414,train,/bmd-videos/attention_capture/DHF1K/video/414.AVI,337,337,,,,,0.00081316456533775,high,data/attention_capture/DHF1K/video/414.AVI,True,2286092
dhf1k_415,415,train,/bmd-videos/attention_capture/DHF1K/video/415.AVI,295,295,,,,,0.0006400364864730055,low,data/attention_capture/DHF1K/video/415.AVI,True,2263622
dhf1k_417,417,train,/bmd-videos/attention_capture/DHF1K/video/417.AVI,752,752,,,,,0.0005849678643263612,low,data/attention_capture/DHF1K/video/417.AVI,True,5089444
dhf1k_419,419,train,/bmd-videos/attention_capture/DHF1K/video/419.AVI,417,417,,,,,0.0006844212161279361,low,data/attention_capture/DHF1K/video/419.AVI,True,3032844
dhf1k_423,423,train,/bmd-videos/attention_capture/DHF1K/video/423.AVI,436,436,,,,,0.0008246328708007633,high,data/attention_capture/DHF1K/video/423.AVI,True,1996026
dhf1k_424,424,train,/bmd-videos/attention_capture/DHF1K/video/424.AVI,575,575,,,,,0.0006494791658200404,low,data/attention_capture/DHF1K/video/424.AVI,True,4300420
dhf1k_426,426,train,/bmd-videos/attention_capture/DHF1K/video/426.AVI,513,513,,,,,0.0006945628923766558,low,data/attention_capture/DHF1K/video/426.AVI,True,3591376
dhf1k_427,427,train,/bmd-videos/attention_capture/DHF1K/video/427.AVI,598,598,,,,,0.0006392764662328974,low,data/attention_capture/DHF1K/video/427.AVI,True,4127134
dhf1k_435,435,train,/bmd-videos/attention_capture/DHF1K/video/435.AVI,598,598,,,,,0.0008377099021469916,high,data/attention_capture/DHF1K/video/435.AVI,True,4290806
dhf1k_436,436,train,/bmd-videos/attention_capture/DHF1K/video/436.AVI,869,869,,,,,0.0006519007330486536,low,data/attention_capture/DHF1K/video/436.AVI,True,6166230
dhf1k_438,438,train,/bmd-videos/attention_capture/DHF1K/video/438.AVI,519,519,,,,,0.0006866503424409989,low,data/attention_capture/DHF1K/video/438.AVI,True,3732080
dhf1k_442,442,train,/bmd-videos/attention_capture/DHF1K/video/442.AVI,621,621,,,,,0.000828622630338039,high,data/attention_capture/DHF1K/video/442.AVI,True,4599608
dhf1k_443,443,train,/bmd-videos/attention_capture/DHF1K/video/443.AVI,230,230,,,,,0.0007950634059101425,high,data/attention_capture/DHF1K/video/443.AVI,True,1811056
dhf1k_444,444,train,/bmd-videos/attention_capture/DHF1K/video/444.AVI,517,517,,,,,0.0006256800053321002,low,data/attention_capture/DHF1K/video/444.AVI,True,3729972
dhf1k_445,445,train,/bmd-videos/attention_capture/DHF1K/video/445.AVI,1194,1194,,,,,0.000635941571992248,low,data/attention_capture/DHF1K/video/445.AVI,True,6370008
dhf1k_446,446,train,/bmd-videos/attention_capture/DHF1K/video/446.AVI,900,900,,,,,0.0006664448314242893,low,data/attention_capture/DHF1K/video/446.AVI,True,6361550
dhf1k_448,448,train,/bmd-videos/attention_capture/DHF1K/video/448.AVI,715,715,,,,,0.0008148977757672538,high,data/attention_capture/DHF1K/video/448.AVI,True,4579478
dhf1k_449,449,train,/bmd-videos/attention_capture/DHF1K/video/449.AVI,324,324,,,,,0.000798128859048715,high,data/attention_capture/DHF1K/video/449.AVI,True,2475888
dhf1k_450,450,train,/bmd-videos/attention_capture/DHF1K/video/450.AVI,252,252,,,,,0.0006440662222707437,low,data/attention_capture/DHF1K/video/450.AVI,True,1915904
dhf1k_451,451,train,/bmd-videos/attention_capture/DHF1K/video/451.AVI,958,958,,,,,0.0008613050195056992,high,data/attention_capture/DHF1K/video/451.AVI,True,6741196
dhf1k_452,452,train,/bmd-videos/attention_capture/DHF1K/video/452.AVI,284,284,,,,,0.0007945153557672493,high,data/attention_capture/DHF1K/video/452.AVI,True,2086338
dhf1k_454,454,train,/bmd-videos/attention_capture/DHF1K/video/454.AVI,658,658,,,,,0.0006403558769268281,low,data/attention_capture/DHF1K/video/454.AVI,True,4545954
dhf1k_457,457,train,/bmd-videos/attention_capture/DHF1K/video/457.AVI,538,538,,,,,0.000671105367585075,low,data/attention_capture/DHF1K/video/457.AVI,True,3985058
dhf1k_458,458,train,/bmd-videos/attention_capture/DHF1K/video/458.AVI,386,386,,,,,0.0006465664592568843,low,data/attention_capture/DHF1K/video/458.AVI,True,2916258
dhf1k_462,462,train,/bmd-videos/attention_capture/DHF1K/video/462.AVI,560,560,,,,,0.0006803695454696676,low,data/attention_capture/DHF1K/video/462.AVI,True,3955268
dhf1k_463,463,train,/bmd-videos/attention_capture/DHF1K/video/463.AVI,513,513,,,,,0.0008413285818304975,high,data/attention_capture/DHF1K/video/463.AVI,True,3585622
dhf1k_464,464,train,/bmd-videos/attention_capture/DHF1K/video/464.AVI,601,601,,,,,0.0008102814757870278,high,data/attention_capture/DHF1K/video/464.AVI,True,4133230
dhf1k_465,465,train,/bmd-videos/attention_capture/DHF1K/video/465.AVI,487,487,,,,,0.0008085482969910702,high,data/attention_capture/DHF1K/video/465.AVI,True,3630838
dhf1k_467,467,train,/bmd-videos/attention_capture/DHF1K/video/467.AVI,433,433,,,,,0.0006599327206276099,low,data/attention_capture/DHF1K/video/467.AVI,True,3354350
dhf1k_468,468,train,/bmd-videos/attention_capture/DHF1K/video/468.AVI,913,913,,,,,0.0007926402584831195,high,data/attention_capture/DHF1K/video/468.AVI,True,6489746
dhf1k_469,469,train,/bmd-videos/attention_capture/DHF1K/video/469.AVI,276,276,,,,,0.0008225769957736728,high,data/attention_capture/DHF1K/video/469.AVI,True,1980688
dhf1k_471,471,train,/bmd-videos/attention_capture/DHF1K/video/471.AVI,589,589,,,,,0.0007993406317207064,high,data/attention_capture/DHF1K/video/471.AVI,True,4342062
dhf1k_473,473,train,/bmd-videos/attention_capture/DHF1K/video/473.AVI,703,703,,,,,0.0006972350647383546,low,data/attention_capture/DHF1K/video/473.AVI,True,5028646
dhf1k_475,475,train,/bmd-videos/attention_capture/DHF1K/video/475.AVI,676,676,,,,,0.0006504060355939533,low,data/attention_capture/DHF1K/video/475.AVI,True,4849466
dhf1k_478,478,train,/bmd-videos/attention_capture/DHF1K/video/478.AVI,352,352,,,,,0.0008491778131759598,high,data/attention_capture/DHF1K/video/478.AVI,True,2805164
dhf1k_479,479,train,/bmd-videos/attention_capture/DHF1K/video/479.AVI,417,417,,,,,0.0006897815083582356,low,data/attention_capture/DHF1K/video/479.AVI,True,3354594
dhf1k_480,480,train,/bmd-videos/attention_capture/DHF1K/video/480.AVI,645,645,,,,,0.000805407516408329,high,data/attention_capture/DHF1K/video/480.AVI,True,4570292
dhf1k_481,481,train,/bmd-videos/attention_capture/DHF1K/video/481.AVI,284,284,,,,,0.0006836090322164162,low,data/attention_capture/DHF1K/video/481.AVI,True,1449304
dhf1k_482,482,train,/bmd-videos/attention_capture/DHF1K/video/482.AVI,591,591,,,,,0.0008558719328332018,high,data/attention_capture/DHF1K/video/482.AVI,True,4158726
dhf1k_486,486,train,/bmd-videos/attention_capture/DHF1K/video/486.AVI,616,616,,,,,0.0008190865138947794,high,data/attention_capture/DHF1K/video/486.AVI,True,3790066
dhf1k_488,488,train,/bmd-videos/attention_capture/DHF1K/video/488.AVI,1155,1155,,,,,0.0008142323540352301,high,data/attention_capture/DHF1K/video/488.AVI,True,8191226
dhf1k_491,491,train,/bmd-videos/attention_capture/DHF1K/video/491.AVI,376,376,,,,,0.000855346392122459,high,data/attention_capture/DHF1K/video/491.AVI,True,2741282
dhf1k_494,494,train,/bmd-videos/attention_capture/DHF1K/video/494.AVI,561,561,,,,,0.0008229120241153533,high,data/attention_capture/DHF1K/video/494.AVI,True,4017982
dhf1k_497,497,train,/bmd-videos/attention_capture/DHF1K/video/497.AVI,411,411,,,,,0.0006648334015629293,low,data/attention_capture/DHF1K/video/497.AVI,True,3054774
dhf1k_499,499,train,/bmd-videos/attention_capture/DHF1K/video/499.AVI,517,517,,,,,0.00069105281589469,low,data/attention_capture/DHF1K/video/499.AVI,True,3686514
dhf1k_500,500,train,/bmd-videos/attention_capture/DHF1K/video/500.AVI,466,466,,,,,0.0006177165295892243,low,data/attention_capture/DHF1K/video/500.AVI,True,3122768
dhf1k_502,502,train,/bmd-videos/attention_capture/DHF1K/video/502.AVI,565,565,,,,,0.0009172889022300828,high,data/attention_capture/DHF1K/video/502.AVI,True,3921604
dhf1k_503,503,train,/bmd-videos/attention_capture/DHF1K/video/503.AVI,460,460,,,,,0.0006267549838926441,low,data/attention_capture/DHF1K/video/503.AVI,True,2834268
dhf1k_505,505,train,/bmd-videos/attention_capture/DHF1K/video/505.AVI,1089,1089,,,,,0.0008122576777998587,high,data/attention_capture/DHF1K/video/505.AVI,True,7508510
dhf1k_506,506,train,/bmd-videos/attention_capture/DHF1K/video/506.AVI,468,468,,,,,0.0006343297439024876,low,data/attention_capture/DHF1K/video/506.AVI,True,3264642
dhf1k_508,508,train,/bmd-videos/attention_capture/DHF1K/video/508.AVI,283,283,,,,,0.0006157213147579899,low,data/attention_capture/DHF1K/video/508.AVI,True,2049840
dhf1k_511,511,train,/bmd-videos/attention_capture/DHF1K/video/511.AVI,527,527,,,,,0.000813567362882796,high,data/attention_capture/DHF1K/video/511.AVI,True,4071866
dhf1k_512,512,train,/bmd-videos/attention_capture/DHF1K/video/512.AVI,517,517,,,,,0.0006478179402796216,low,data/attention_capture/DHF1K/video/512.AVI,True,3772562
dhf1k_513,513,train,/bmd-videos/attention_capture/DHF1K/video/513.AVI,518,518,,,,,0.0008559396483600103,high,data/attention_capture/DHF1K/video/513.AVI,True,4063010
dhf1k_514,514,train,/bmd-videos/attention_capture/DHF1K/video/514.AVI,723,723,,,,,0.0006729591693843484,low,data/attention_capture/DHF1K/video/514.AVI,True,5083328
dhf1k_516,516,train,/bmd-videos/attention_capture/DHF1K/video/516.AVI,1160,1160,,,,,0.0006346421522501824,low,data/attention_capture/DHF1K/video/516.AVI,True,8167262
dhf1k_517,517,train,/bmd-videos/attention_capture/DHF1K/video/517.AVI,326,326,,,,,0.0008270093106823271,high,data/attention_capture/DHF1K/video/517.AVI,True,2498238
dhf1k_518,518,train,/bmd-videos/attention_capture/DHF1K/video/518.AVI,542,542,,,,,0.0008776249879832822,high,data/attention_capture/DHF1K/video/518.AVI,True,4056246
dhf1k_519,519,train,/bmd-videos/attention_capture/DHF1K/video/519.AVI,758,758,,,,,0.0006798375200759435,low,data/attention_capture/DHF1K/video/519.AVI,True,5518172
dhf1k_521,521,train,/bmd-videos/attention_capture/DHF1K/video/521.AVI,481,481,,,,,0.0006608050376171509,low,data/attention_capture/DHF1K/video/521.AVI,True,3489942
dhf1k_524,524,train,/bmd-videos/attention_capture/DHF1K/video/524.AVI,375,375,,,,,0.0006936805572283144,low,data/attention_capture/DHF1K/video/524.AVI,True,2599452
dhf1k_528,528,train,/bmd-videos/attention_capture/DHF1K/video/528.AVI,587,587,,,,,0.0008329858171858299,high,data/attention_capture/DHF1K/video/528.AVI,True,3522364
dhf1k_530,530,train,/bmd-videos/attention_capture/DHF1K/video/530.AVI,400,400,,,,,0.0008245442708357586,high,data/attention_capture/DHF1K/video/530.AVI,True,3011496
dhf1k_534,534,train,/bmd-videos/attention_capture/DHF1K/video/534.AVI,920,920,,,,,0.0008061452683329623,high,data/attention_capture/DHF1K/video/534.AVI,True,6532040
dhf1k_535,535,train,/bmd-videos/attention_capture/DHF1K/video/535.AVI,363,363,,,,,0.0008421334572400661,high,data/attention_capture/DHF1K/video/535.AVI,True,2401280
dhf1k_537,537,train,/bmd-videos/attention_capture/DHF1K/video/537.AVI,663,663,,,,,0.0006505572314772384,low,data/attention_capture/DHF1K/video/537.AVI,True,4832040
dhf1k_538,538,train,/bmd-videos/attention_capture/DHF1K/video/538.AVI,268,268,,,,,0.0006215666461915799,low,data/attention_capture/DHF1K/video/538.AVI,True,1952882
dhf1k_539,539,train,/bmd-videos/attention_capture/DHF1K/video/539.AVI,295,295,,,,,0.0006806438329523051,low,data/attention_capture/DHF1K/video/539.AVI,True,2077098
dhf1k_541,541,train,/bmd-videos/attention_capture/DHF1K/video/541.AVI,780,780,,,,,0.0006454326933099089,low,data/attention_capture/DHF1K/video/541.AVI,True,5612414
dhf1k_543,543,train,/bmd-videos/attention_capture/DHF1K/video/543.AVI,703,703,,,,,0.0008081436704279216,high,data/attention_capture/DHF1K/video/543.AVI,True,4819558
dhf1k_544,544,train,/bmd-videos/attention_capture/DHF1K/video/544.AVI,699,699,,,,,0.00068016933988482,low,data/attention_capture/DHF1K/video/544.AVI,True,4830806
dhf1k_549,549,train,/bmd-videos/attention_capture/DHF1K/video/549.AVI,364,364,,,,,0.0009191849825143875,high,data/attention_capture/DHF1K/video/549.AVI,True,2650706
dhf1k_550,550,train,/bmd-videos/attention_capture/DHF1K/video/550.AVI,390,390,,,,,0.0008816550930556005,high,data/attention_capture/DHF1K/video/550.AVI,True,2748482
dhf1k_553,553,train,/bmd-videos/attention_capture/DHF1K/video/553.AVI,757,757,,,,,0.0008998536800841409,high,data/attention_capture/DHF1K/video/553.AVI,True,5604140
dhf1k_555,555,train,/bmd-videos/attention_capture/DHF1K/video/555.AVI,296,296,,,,,0.0006517748222757144,low,data/attention_capture/DHF1K/video/555.AVI,True,2189838
dhf1k_561,561,train,/bmd-videos/attention_capture/DHF1K/video/561.AVI,560,560,,,,,0.0006931733635740654,low,data/attention_capture/DHF1K/video/561.AVI,True,4116056
dhf1k_564,564,train,/bmd-videos/attention_capture/DHF1K/video/564.AVI,281,743,,,,,0.0006380266754414503,low,data/attention_capture/DHF1K/video/564.AVI,True,5422716
dhf1k_566,566,train,/bmd-videos/attention_capture/DHF1K/video/566.AVI,909,909,,,,,0.0008384662256609419,high,data/attention_capture/DHF1K/video/566.AVI,True,6341692
dhf1k_567,567,train,/bmd-videos/attention_capture/DHF1K/video/567.AVI,331,331,,,,,0.0006185354783359403,low,data/attention_capture/DHF1K/video/567.AVI,True,2538878
dhf1k_568,568,train,/bmd-videos/attention_capture/DHF1K/video/568.AVI,918,918,,,,,0.0006875510631301105,low,data/attention_capture/DHF1K/video/568.AVI,True,6462822
dhf1k_569,569,train,/bmd-videos/attention_capture/DHF1K/video/569.AVI,878,878,,,,,0.0008050770371060305,high,data/attention_capture/DHF1K/video/569.AVI,True,6279880
dhf1k_570,570,train,/bmd-videos/attention_capture/DHF1K/video/570.AVI,858,858,,,,,0.0008132759904522028,high,data/attention_capture/DHF1K/video/570.AVI,True,6075806
dhf1k_571,571,train,/bmd-videos/attention_capture/DHF1K/video/571.AVI,806,806,,,,,0.0006766579225730144,low,data/attention_capture/DHF1K/video/571.AVI,True,5812402
dhf1k_572,572,train,/bmd-videos/attention_capture/DHF1K/video/572.AVI,206,206,,,,,0.0008297304829663949,high,data/attention_capture/DHF1K/video/572.AVI,True,1827616
dhf1k_575,575,train,/bmd-videos/attention_capture/DHF1K/video/575.AVI,351,351,,,,,0.0009296726597276678,high,data/attention_capture/DHF1K/video/575.AVI,True,2419134
dhf1k_576,576,train,/bmd-videos/attention_capture/DHF1K/video/576.AVI,285,285,,,,,0.0008856755613937581,high,data/attention_capture/DHF1K/video/576.AVI,True,2158404
dhf1k_577,577,train,/bmd-videos/attention_capture/DHF1K/video/577.AVI,919,919,,,,,0.000821800191326308,high,data/attention_capture/DHF1K/video/577.AVI,True,6546870
dhf1k_579,579,train,/bmd-videos/attention_capture/DHF1K/video/579.AVI,469,469,,,,,0.0006699760133473287,low,data/attention_capture/DHF1K/video/579.AVI,True,3606754
dhf1k_582,582,train,/bmd-videos/attention_capture/DHF1K/video/582.AVI,439,439,,,,,0.0006334630478847589,low,data/attention_capture/DHF1K/video/582.AVI,True,3028368
dhf1k_585,585,train,/bmd-videos/attention_capture/DHF1K/video/585.AVI,210,210,,,,,0.0008206018523889638,high,data/attention_capture/DHF1K/video/585.AVI,True,1416788
dhf1k_587,587,train,/bmd-videos/attention_capture/DHF1K/video/587.AVI,281,281,,,,,0.000830645760288462,high,data/attention_capture/DHF1K/video/587.AVI,True,2059742
dhf1k_596,596,train,/bmd-videos/attention_capture/DHF1K/video/596.AVI,497,497,,,,,0.0006258383632530514,low,data/attention_capture/DHF1K/video/596.AVI,True,3495088
dhf1k_597,597,train,/bmd-videos/attention_capture/DHF1K/video/597.AVI,1067,1067,,,,,0.0008199097942541273,high,data/attention_capture/DHF1K/video/597.AVI,True,7472702
dhf1k_598,598,train,/bmd-videos/attention_capture/DHF1K/video/598.AVI,603,603,,,,,0.000819643106100931,high,data/attention_capture/DHF1K/video/598.AVI,True,4606618
dhf1k_599,599,train,/bmd-videos/attention_capture/DHF1K/video/599.AVI,409,409,,,,,0.0006456614193315265,low,data/attention_capture/DHF1K/video/599.AVI,True,2897716
dhf1k_600,600,train,/bmd-videos/attention_capture/DHF1K/video/600.AVI,249,249,,,,,0.0008639244475620743,high,data/attention_capture/DHF1K/video/600.AVI,True,1983974
dhf1k_601,601,val,/bmd-videos/attention_capture/DHF1K/video/601.AVI,739,739,,,,,0.000830367379944711,high,data/attention_capture/DHF1K/video/601.AVI,True,5131522
dhf1k_603,603,val,/bmd-videos/attention_capture/DHF1K/video/603.AVI,1103,1103,,,,,0.0008761655407977152,high,data/attention_capture/DHF1K/video/603.AVI,True,7870230
dhf1k_604,604,val,/bmd-videos/attention_capture/DHF1K/video/604.AVI,744,744,,,,,0.0008721916539446195,high,data/attention_capture/DHF1K/video/604.AVI,True,5100994
dhf1k_606,606,val,/bmd-videos/attention_capture/DHF1K/video/606.AVI,938,938,,,,,0.000651777385292686,low,data/attention_capture/DHF1K/video/606.AVI,True,6512606
dhf1k_607,607,val,/bmd-videos/attention_capture/DHF1K/video/607.AVI,797,797,,,,,0.0006943954332466407,low,data/attention_capture/DHF1K/video/607.AVI,True,5736318
dhf1k_608,608,val,/bmd-videos/attention_capture/DHF1K/video/608.AVI,776,776,,,,,0.0006435971963676904,low,data/attention_capture/DHF1K/video/608.AVI,True,5601358
dhf1k_611,611,val,/bmd-videos/attention_capture/DHF1K/video/611.AVI,747,747,,,,,0.0006706804073951176,low,data/attention_capture/DHF1K/video/611.AVI,True,5462082
dhf1k_614,614,val,/bmd-videos/attention_capture/DHF1K/video/614.AVI,516,516,,,,,0.0008017569726767098,high,data/attention_capture/DHF1K/video/614.AVI,True,3655424
dhf1k_616,616,val,/bmd-videos/attention_capture/DHF1K/video/616.AVI,854,854,,,,,0.0006646723753495406,low,data/attention_capture/DHF1K/video/616.AVI,True,6030236
dhf1k_617,617,val,/bmd-videos/attention_capture/DHF1K/video/617.AVI,808,808,,,,,0.000667306965264252,low,data/attention_capture/DHF1K/video/617.AVI,True,5898854
dhf1k_620,620,val,/bmd-videos/attention_capture/DHF1K/video/620.AVI,840,840,,,,,0.0006723090279202942,low,data/attention_capture/DHF1K/video/620.AVI,True,5901140
dhf1k_622,622,val,/bmd-videos/attention_capture/DHF1K/video/622.AVI,250,250,,,,,0.0006555555556551553,low,data/attention_capture/DHF1K/video/622.AVI,True,1720124
dhf1k_625,625,val,/bmd-videos/attention_capture/DHF1K/video/625.AVI,538,538,,,,,0.0006835211442359793,low,data/attention_capture/DHF1K/video/625.AVI,True,3693988
dhf1k_626,626,val,/bmd-videos/attention_capture/DHF1K/video/626.AVI,296,296,,,,,0.0006843122435974372,low,data/attention_capture/DHF1K/video/626.AVI,True,1993372
dhf1k_627,627,val,/bmd-videos/attention_capture/DHF1K/video/627.AVI,613,613,,,,,0.0008836607293029837,high,data/attention_capture/DHF1K/video/627.AVI,True,2015806
dhf1k_629,629,val,/bmd-videos/attention_capture/DHF1K/video/629.AVI,969,969,,,,,0.0007963715466941967,high,data/attention_capture/DHF1K/video/629.AVI,True,6772698
dhf1k_630,630,val,/bmd-videos/attention_capture/DHF1K/video/630.AVI,937,937,,,,,0.0008548355429682269,high,data/attention_capture/DHF1K/video/630.AVI,True,6476402
dhf1k_636,636,val,/bmd-videos/attention_capture/DHF1K/video/636.AVI,511,511,,,,,0.000819879322193851,high,data/attention_capture/DHF1K/video/636.AVI,True,3502588
dhf1k_638,638,val,/bmd-videos/attention_capture/DHF1K/video/638.AVI,462,462,,,,,0.0006350051849217202,low,data/attention_capture/DHF1K/video/638.AVI,True,3462990
dhf1k_639,639,val,/bmd-videos/attention_capture/DHF1K/video/639.AVI,527,527,,,,,0.0008355075906210206,high,data/attention_capture/DHF1K/video/639.AVI,True,3783812
dhf1k_641,641,val,/bmd-videos/attention_capture/DHF1K/video/641.AVI,420,420,,,,,0.0008289827225131115,high,data/attention_capture/DHF1K/video/641.AVI,True,3103000
dhf1k_643,643,val,/bmd-videos/attention_capture/DHF1K/video/643.AVI,815,815,,,,,0.0006762472310059195,low,data/attention_capture/DHF1K/video/643.AVI,True,5738170
dhf1k_644,644,val,/bmd-videos/attention_capture/DHF1K/video/644.AVI,915,915,,,,,0.000667065118526648,low,data/attention_capture/DHF1K/video/644.AVI,True,6562950
dhf1k_647,647,val,/bmd-videos/attention_capture/DHF1K/video/647.AVI,303,303,,,,,0.0006608824962325527,low,data/attention_capture/DHF1K/video/647.AVI,True,2266918
dhf1k_650,650,val,/bmd-videos/attention_capture/DHF1K/video/650.AVI,818,818,,,,,0.0006443243180239382,low,data/attention_capture/DHF1K/video/650.AVI,True,5716718
dhf1k_651,651,val,/bmd-videos/attention_capture/DHF1K/video/651.AVI,1196,1196,,,,,0.0006658370791797477,low,data/attention_capture/DHF1K/video/651.AVI,True,8119224
dhf1k_652,652,val,/bmd-videos/attention_capture/DHF1K/video/652.AVI,576,576,,,,,0.0007964183670184058,high,data/attention_capture/DHF1K/video/652.AVI,True,4070792
dhf1k_654,654,val,/bmd-videos/attention_capture/DHF1K/video/654.AVI,432,432,,,,,0.0006295914521009157,low,data/attention_capture/DHF1K/video/654.AVI,True,3392418
dhf1k_655,655,val,/bmd-videos/attention_capture/DHF1K/video/655.AVI,490,490,,,,,0.0008569568452634373,high,data/attention_capture/DHF1K/video/655.AVI,True,3444948
dhf1k_656,656,val,/bmd-videos/attention_capture/DHF1K/video/656.AVI,412,412,,,,,0.0008038784391687532,high,data/attention_capture/DHF1K/video/656.AVI,True,3236598
dhf1k_660,660,val,/bmd-videos/attention_capture/DHF1K/video/660.AVI,525,525,,,,,0.0006637814165081918,low,data/attention_capture/DHF1K/video/660.AVI,True,3581856
dhf1k_662,662,val,/bmd-videos/attention_capture/DHF1K/video/662.AVI,692,692,,,,,0.0006991861357974061,low,data/attention_capture/DHF1K/video/662.AVI,True,5001212
dhf1k_663,663,val,/bmd-videos/attention_capture/DHF1K/video/663.AVI,535,535,,,,,0.0006478777265983469,low,data/attention_capture/DHF1K/video/663.AVI,True,3941372
dhf1k_666,666,val,/bmd-videos/attention_capture/DHF1K/video/666.AVI,731,731,,,,,0.0006855026413985973,low,data/attention_capture/DHF1K/video/666.AVI,True,5254846
dhf1k_668,668,val,/bmd-videos/attention_capture/DHF1K/video/668.AVI,245,245,,,,,0.0006807504248524997,low,data/attention_capture/DHF1K/video/668.AVI,True,1803388
dhf1k_669,669,val,/bmd-videos/attention_capture/DHF1K/video/669.AVI,581,581,,,,,0.0006694710390079644,low,data/attention_capture/DHF1K/video/669.AVI,True,3824800
dhf1k_673,673,val,/bmd-videos/attention_capture/DHF1K/video/673.AVI,258,258,,,,,0.0008678705061067532,high,data/attention_capture/DHF1K/video/673.AVI,True,1799840
dhf1k_674,674,val,/bmd-videos/attention_capture/DHF1K/video/674.AVI,764,764,,,,,0.0008025878064925002,high,data/attention_capture/DHF1K/video/674.AVI,True,5383384
dhf1k_676,676,val,/bmd-videos/attention_capture/DHF1K/video/676.AVI,358,358,,,,,0.0005591077945269442,low,data/attention_capture/DHF1K/video/676.AVI,True,2507984
dhf1k_677,677,val,/bmd-videos/attention_capture/DHF1K/video/677.AVI,752,752,,,,,0.000800434951978535,high,data/attention_capture/DHF1K/video/677.AVI,True,5291308
dhf1k_680,680,val,/bmd-videos/attention_capture/DHF1K/video/680.AVI,453,453,,,,,0.0008080677439897603,high,data/attention_capture/DHF1K/video/680.AVI,True,3515366
dhf1k_686,686,val,/bmd-videos/attention_capture/DHF1K/video/686.AVI,472,472,,,,,0.0008085054735494265,high,data/attention_capture/DHF1K/video/686.AVI,True,3314348
dhf1k_687,687,val,/bmd-videos/attention_capture/DHF1K/video/687.AVI,691,691,,,,,0.0008041008407005423,high,data/attention_capture/DHF1K/video/687.AVI,True,5112950
dhf1k_689,689,val,/bmd-videos/attention_capture/DHF1K/video/689.AVI,312,312,,,,,0.0005942702776407644,low,data/attention_capture/DHF1K/video/689.AVI,True,2220150
dhf1k_691,691,val,/bmd-videos/attention_capture/DHF1K/video/691.AVI,360,360,,,,,0.0007970317338832603,high,data/attention_capture/DHF1K/video/691.AVI,True,2838174
dhf1k_697,697,val,/bmd-videos/attention_capture/DHF1K/video/697.AVI,584,584,,,,,0.000801398106774934,high,data/attention_capture/DHF1K/video/697.AVI,True,4292266
dhf1k_699,699,val,/bmd-videos/attention_capture/DHF1K/video/699.AVI,1142,1142,,,,,0.000796452374722533,high,data/attention_capture/DHF1K/video/699.AVI,True,8131878
dhf1k_700,700,val,/bmd-videos/attention_capture/DHF1K/video/700.AVI,434,434,,,,,0.0008538046438399324,high,data/attention_capture/DHF1K/video/700.AVI,True,3225058
